{
  "model/models.js.map": 1727156964629,
  "manifest.json": 1727156964516,
  "controller/Home.controller.js": 1727153508764,
  "controller/App.controller.js": 1726939243016,
  "model/models.js": 1726939243008,
  "Component.js": 1726939243008,
  "Component-dbg.js": 1726939243008,
  "Component.js.map": 1727156964630,
  "controller/App-dbg.controller.js": 1726939243016,
  "controller/App.controller.js.map": 1727156964629,
  "model/models-dbg.js": 1726939243008,
  "i18n/i18n.properties": 1726939261576,
  "controller/Home-dbg.controller.js": 1727153508764,
  "controller/Home.controller.js.map": 1727156964639,
  "Component-preload.js": 1727156964707,
  "Component-preload.js.map": 1727156964707,
  "view/Home.view.xml": 1727151928735,
  "view/App.view.xml": 1726939243020,
  "fragments/ConnecttoSAP.fragment.xml": 1727090938154,
  "css/style.css": 1727073646586,
  "index.html": 1726939243008
}